id,name,code,lon,lat
2,3900-SAN GABRIEL-PLAZA BOTELLA,3900,38.328278276,-0.511071549
3,3901-VERGEL,3901,38.330180071,-0.5098282240000001
4,3902-ESCOLANO-PEGO,3902,38.330066357,-0.5116852119999999
5,3903-ESCOLANO-LOS CINCUENTA,3903,38.329605882,-0.512913485
6,3904-DÍAZ DE MENDOZA,3904,38.328099915,-0.514978195
7,3905-LA CIGÜEÑA,3905,38.326143586,-0.515777119
8,3906-SEMPERE-BLUME,3906,38.327232658,-0.517421345
9,3500-SEMPERE-PASTOR,3500,38.329000476,-0.5158053070000001
10,3907-SEMPERE-LA ERA,3907,38.330287911,-0.514056913
11,3908-C.P. EL PALMERAL,3908,38.331384029,-0.512635297
12,3909-ECUADOR,3909,38.332259709,-0.509745532
13,3910-PERÚ,3910,38.333269152,-0.5080636790000001
14,3961-MÉXICO-ROTONDA,3961,38.33502102,-0.507397309
15,3122-MÉXICO-CAJA AHORROS,3122,38.338438346,-0.507932175
16,3123-IES CAVANILLES,3123,38.339010705,-0.506882923
17,3911-CFPA BABEL,3911,38.339164953,-0.503971803
18,3124-SOLER-JUZGADOS,3124,38.339392623,-0.501126788
19,3912-C.P. BENALÚA,3912,38.339615,-0.498085
20,3126-Ó. ESPLÁ-SEMPERE,3126,38.340516504,-0.49363395
21,4446-CAPUCHINOS,4446,38.341516982,-0.4921757999999999
22,3127-ALEMANIA,3127,38.342574725,-0.489816809
23,2603-MUNTANYETA-SOTO,2603,38.344173157,-0.489143761
24,4046-LUCEROS-SOTO,4046,38.345500506,-0.490116151
25,3129-MERCADO-EL SABIO,3129,38.347237014,-0.487058471
26,3400-MERCADO-SAN VICENTE,3400,38.348827824,-0.484772289
28,3916-JIJONA-AUDITORIO,3916,38.354659912,-0.485302623
29,3001-JIJONA-ADORATRICES,3001,38.356567707,-0.48519078
30,3917-ALONSO-DEVESA,3917,38.360066927,-0.48366202
31,3003-HOSPITAL-ALONSO,3003,38.363428816,-0.484129136
32,3004-ALONSO-ALCOLEJA,3004,38.366731202,-0.485182023
33,3005-MAESTRE ALONSO (TRAM),3005,38.368272629,-0.485632188
34,3006-C.P. VIRGEN DEL REMEDIO,3006,38.3707551,-0.486267234
35,3918-PLAZA ORÁN,3918,38.37133984,-0.484965102
36,3919-C. SOCIAL VIRGEN DEL CARMEN,3919,38.370338696,-0.483660711
37,3960-EJÉRCITOS ESPAÑOLES,3960,38.369702357,-0.482561157
38,4410-C.P. EL TOSSALET,4410,38.370894176,-0.480162091
39,3921-CARRATALÁ-TOSSALET,3921,38.370388699,-0.478027949
40,3975-CARRATALÁ-ELS POBLETS,3975,38.36996385,-0.4754561190000001
41,3976-LOS MONTESINOS,3976,38.368544112,-0.472712956
42,3923-PINTOR AMORÓS,3923,38.370562979,-0.471486686
43,3924-PINTOR CAMACHO,3924,38.372485591,-0.474567207
44,3925-C.P. SAN AGUSTÍN,3925,38.371892711,-0.4742330320000001
45,3926-CIUDAD ELEGIDA,3926,38.372258148,-0.473213112
46,3927-C.P. SAN AGUSTÍN,3927,38.372010745,-0.4742747050000001
47,3928-PINTOR CAMACHO,3928,38.372428856,-0.4744432810000001
48,3929-PINTOR AMORÓS,3929,38.370548429,-0.471647426
49,3930-CARRATALÁ-ELS POBLETS,3930,38.369966071,-0.473888063
50,3931-CARRATALÁ-TOSSALET,3931,38.370452217,-0.4780486319999999
51,3932-C.P. EL TOSSALET,3932,38.370516865,-0.480633
52,3933-SIERRA DE PANDOLS,3933,38.370836767,-0.481262828
53,3934-STA. CRUZ-BANYERES,3934,38.371679711,-0.482332329
54,3957-C. SOCIAL VIRGEN DEL CARMEN,3957,38.370374711,-0.483659462
55,4428-C. DEPORTIVO V. DEL CARMEN,4428,38.368424273,-0.483463854
56,4429-ESPARTERO,4429,38.365877627,-0.48319737
57,3038-HOSPITAL-ALONSO,3038,38.363854039,-0.4846293850000001
58,3039-ALONSO-DEVESA,3039,38.35981851,-0.483842283
59,3040-JIJONA-ADORATRICES,3040,38.356466784,-0.485526122
61,2946-MERCADO-CALDERÓN,2946,38.349033184,-0.485943682
62,3937-MERCADO-EL SABIO,3937,38.347588575,-0.486645853
63,3938-LUCEROS,3938,38.345677762,-0.490819385
64,3939-MUNTANYETA-SOTO,3939,38.343925955,-0.489381125
65,4118-ESTACIÓN-MAISONNAVE,4118,38.343357325,-0.493542384
66,3102-Ó. ESPLÁ-FOGLIETTI,3102,38.341064596,-0.494193511
67,3103-SOLER-POLICÍA,3103,38.339892239,-0.494989008
68,3942-C.P. BENALÚA,3942,38.339779992,-0.496903416
69,3943-SOLER-ALBEROLA,3943,38.339657488,-0.4987609700000001
70,3104-SOLER-JUZGADOS,3104,38.339555667,-0.501166942
71,3944-CFPA BABEL,3944,38.33937473,-0.504513731
72,3105-IES CAVANILLES,3105,38.339226311,-0.5068526450000001
73,3945-MÉXICO-CAJA AHORROS,3945,38.338407438,-0.508173479
74,3502-IES BAHÍA DE BABEL,3502,38.334256385,-0.50957416
75,3528-POLIDEPORTIVO SAMARANCH,3528,38.332865842,-0.511131794
76,3949-C.P. EL PALMERAL,3949,38.331317824,-0.512912099
77,3950-SEMPERE-LA ERA,3950,38.33019566,-0.514380356
78,3525-SEMPERE-PASTOR,3525,38.329093908,-0.515962256
79,3951-SEMPERE-BLUME,3951,38.327448509,-0.517402535
80,3952-LA CIGÜEÑA,3952,38.32605282,-0.515745906
81,3953-URB. EL PALMERAL,3953,38.3255658,-0.5136007420000001
82,3954-VICTORIA KENT,3954,38.32668613,-0.514168653
83,3955-DÍAZ DE MENDOZA,3955,38.328185589,-0.514769372
84,3956-PEDREGUER,3956,38.327338881,-0.512659338
85,4000-LA FLORIDA-ASTURIAS,4000,38.343934487,-0.512159892
86,4001-ANA NAVARRO,4001,38.343445254,-0.514155931
87,4002-BETIS FLORIDA,4002,38.34101374,-0.513792941
88,4003-FLOR,4003,38.339457325,-0.513056814
89,4004-IES FIGUERAS-CARBONELL,4004,38.33875824,-0.511959599
90,4005-C.P. FLORIDA-CARBONELL,4005,38.33888924,-0.5096441860000001
92,3915-TEATRO,3915,38.346080555,-0.485233544
93,2606-RAMBLA-PORTAL DE ELCHE,2606,38.344591917,-0.483465947
94,4009-PUERTA DEL MAR,4009,38.345028472,-0.47904598
95,2608-POSTIGUET-PASARELA,2608,38.346527362,-0.4766828
96,4065-CANÓNIGO PENALVA,4065,38.352514,-0.474346
97,4010-CELIA VALLS,4010,38.352758865,-0.475676761
98,4036-J. TURINA,4036,38.353889138,-0.474607641
99,4012-PLAZA ESTELLA,4012,38.355188358,-0.475523647
100,4013-ING. CANALES,4013,38.356485085,-0.477160677
101,3566-C.A. MONTEMAR,3566,38.357116837,-0.476372041
102,4014-RÍO SERPÍS,4014,38.358474923,-0.474585458
103,4015-ALBIÑANA,4015,38.359486146,-0.475934938
104,4016-CISNEROS-SAN MATEO,4016,38.360120189,-0.477343337
105,4017-CISNEROS-CÁNOVAS,4017,38.360586241,-0.478482948
106,4018-SAGRADA FAMILIA,4018,38.361152129,-0.477982657
107,4019-E. MONSONÍS,4019,38.360452111,-0.476439203
108,4020-LUIS TORREGROSA,4020,38.359801155,-0.475500578
109,4021-PÉREZ CÁSCALES,4021,38.35834269,-0.4759746910000001
110,4022-G. MENGUAL,4022,38.356780643,-0.47498768
111,4023-HOSPITAL PROVINCIAL,4023,38.354540752308615,-0.47626971783767014
112,4024-MARQ-GÓMEZ ULLA,4024,38.352984788,-0.476961899
114,4025-CANÓNIGO PENALVA,4025,38.3522051,-0.4742313989999999
115,4027-RAVAL ROIG,4027,38.349804968,-0.473239335
116,2685-POSTIGUET-PASARELA,2685,38.347026637,-0.476436626
117,4359-PUERTA DEL MAR,4359,38.344774356,-0.479798471
118,4045-RAMBLA-SAN JOSÉ,4045,38.345153338,-0.483595232
119,2682-RAMBLA-SAN CRISTÓBAL,2682,38.34638308,-0.484216229
120,3101-LUCEROS,3101,38.346355676,-0.490498492
121,3940-PLAZA SÉNECA,3940,38.341885113,-0.490012246
122,3941-CASANOVA-CHURRUCA,3941,38.340682133,-0.492742320
123,4028-C.P. FLORIDA-CARBONELL,4028,38.33907978,-0.509706297
124,4029-IES FIGUERAS-CARBONELL,4029,38.338967515,-0.512055395
125,4030-FLOR,4030,38.339453927,-0.512896765
126,4031-BETIS FLORIDA,4031,38.34157635,-0.5139796210000001
127,4032-RÉGULO,4032,38.342785146,-0.51234798
128,4033-LA VIÑA-COMAS SOLÁ,4033,38.34336611,-0.50958226
129,4113-COLONIA REQUENA - ESMERALDA,4113,38.375050985,-0.485752151
130,3034-GASTÓN CASTELLÓ (TRAM),3034,38.373240515,-0.487039564
131,3036-MAESTRE ALONSO (TRAM),3036,38.368064891,-0.486028509
132,3046-ALONSO-GRAN VÍA,3046,38.365540755,-0.485131712
134,4114-PLAZA DE ESPAÑA,4114,38.351958565,-0.485384723
135,4115-CALDERÓN-LA LONJA,4115,38.349821581,-0.48573332
136,4116-MERCADO-EL SABIO,4116,38.347374768,-0.487179562
137,4264-LUCEROS-SOTO,4264,38.344923533,-0.490101763
138,4117-MAISONNAVE-CALVO SOTELO,4117,38.343562684,-0.489668262
139,4119-ESTACIÓN-AGUILERA,4119,38.343237648,-0.496372414
140,4120-MERCADO DE BENALÚA,4120,38.343111311,-0.498893761
141,3521-ANTIGUO ASILO,3521,38.342950436,-0.503178181
142,4121-ORIHUELA-GRAN VÍA,4121,38.344150931,-0.506660767
143,4122-ORIHUELA-LA LIRA,4122,38.344641263,-0.508955049
144,4123-ORIHUELA-ALBERGUE,4123,38.344918843,-0.511840152
145,4124-ORIHUELA-NIÑOLES,4124,38.345080348,-0.513505039
146,4125-DE LA SERNA,4125,38.346507166,-0.51620215
147,4133-ÁGUILA,4133,38.348180284,-0.514794818
148,4128-XIMÉNEZ-LANGUCHA,4128,38.34837288,-0.51283169
149,4129-XIMÉNEZ-HÉRCULES,4129,38.348231314,-0.51125758
150,4130-XIMÉNEZ-CRUZ DEL SUR,4130,38.348097759,-0.509637435
151,4100-CIUDAD DE ASÍS,4100,38.34713631,-0.508491918
152,4101-CEFEO-ANTARES,4101,38.347258666,-0.510856125
153,4102-CEFEO-NIÑOLES,4102,38.34736351,-0.511973807
154,4103-ORIHUELA-ALBERGUE,4103,38.344763834,-0.511753932
155,4104-ORIHUELA-LA LIRA,4104,38.344497444,-0.508971422
156,4105-ORIHUELA-GRAN VÍA,4105,38.343868648,-0.506521722
157,3504-ANTIGUO ASILO,3504,38.342732151,-0.503082715
158,4106-MERCADO DE BENALÚA,4106,38.342972317,-0.498292181
159,4107-ESTACIÓN-AGUILERA,4107,38.343092855,-0.496343081
160,4108-ESTACIÓN-MAISONNAVE,4108,38.34323783,-0.493432098
161,4109-MAISONNAVE-PORTUGAL,4109,38.343303774,-0.491461988
162,2902-MERCADO-SAN VICENTE,2902,38.34933203,-0.484754827
163,4111-PLAZA DE TOROS,4111,38.352046065,-0.4848439070000001
165,3045-C.P. VIRGEN DEL REMEDIO,3045,38.371299002,-0.486420074
166,4145-GASTÓN CASTELLÓ (TRAM),4145,38.373644126,-0.486533422
167,4112-PARQUE REQUENA,4112,38.374342965,-0.4850899339999999
169,4205-OCAÑA-JÚCAR,4205,38.344816083,-0.521442822
170,4206-PERICOCO,4206,38.345165549,-0.516671346
172,4208-IES FIGUERAS-CHÁVARRI,4208,38.340376026,-0.511766917
173,4209-C. SALUD BABEL,4209,38.34113559,-0.509349821
174,3136-MERCADO DE BABEL,3136,38.34204695,-0.506446956
175,4213-AGUILERA-JUZGADOS,4213,38.342817281,-0.50200435
176,6100-ESTACIÓN-SALAMANCA,6100,38.34387866,-0.494325266
177,4301-ESTACIÓN-CORREOS,4301,38.345995031,-0.494275148
178,6101-PÉREZ GALDÓS-MARVÁ,6101,38.34793561,-0.491485095
179,6102-PLAZA TORDERA,6102,38.349579729,-0.488739467
180,4215-PLAZA AMÉRICA,4215,38.359544073,-0.4853280010000001
181,4216-HOSPITAL-PINTOR BAEZA,4216,38.362521247,-0.487181789
182,5012-GRAN VÍA-BENISAUDET,5012,38.364376298,-0.488811322
183,4280-GRAN VÍA-NOVELDA,4280,38.362114358,-0.493421345
184,4218-GRAN VÍA-TEULADA,4218,38.36105687264329,-0.4957255175649311
186,4220-PARQUE SAN AGUSTÍN,4220,38.362168554,-0.500171377
187,4281-LA NUCÍA-LEGAZPI,4281,38.361252468,-0.501999592
188,4360-CARMELITAS,4360,38.3616163,-0.502582153
190,4223-RUÍZ DE ALARCÓN,4223,38.367040361,-0.505954844
191,4224-FONDO DE PIQUERES,4224,38.369405438,-0.505736236
192,4225-C.P. EUSEBIO SEMPERE,4225,38.371309065,-0.503736547
193,4226-DIVINA PASTORA,4226,38.372640852,-0.502809428
194,4655-CÁDIZ-NOVELDA,4655,38.372911644,-0.498611013
195,2937-NOVELDA-PENÀGUILA,2937,38.370780085,-0.497528508
197,4265-GRAN VÍA-TEULADA,4265,38.360916132,-0.495534025
198,4232-TÓMBOLA-V. DEL PUIG,4232,38.370786375,-0.499931799
199,4233-NÚÑEZ DE BALBOA,4233,38.372402504,-0.500929115
200,4234-DIVINA PASTORA,4234,38.372752998,-0.50215317
201,4235-CÁDIZ-I. SEVILLA,4235,38.372659876,-0.503701529
202,4236-C.P. EUSEBIO SEMPERE,4236,38.371139212,-0.503799616
203,4237-FONDO DE PIQUERES,4237,38.369712517,-0.504924525
205,4239-RECASENS-PETANCA,4239,38.367962175,-0.506930317
206,4240-CINCO SOLES,4240,38.366550998,-0.506246329
207,4241-LA PÉRGOLA,4241,38.365096747,-0.505655401
208,4282-VÍA PARQUE-CONFRIDES,4282,38.363092454,-0.502931915
209,4283-VÍA PARQUE-TUBERÍA,4283,38.364199069,-0.500742334
210,3514-TEULADA-CONFRIDES,3514,38.363790391,-0.4993258820000001
211,3515-TEULADA-LINARES,3515,38.36230711,-0.498221138
212,4284-GRAN VÍA-NOVELDA,4284,38.361955909,-0.493175051
213,4285-A. GUIXOT,4285,38.36345362982601,-0.4891879182376568
214,4248-HOSPITAL-PINTOR BAEZA,4248,38.362618154,-0.487498865
215,4249-PLAZA AMÉRICA,4249,38.359690423,-0.4858493320000001
216,4250-AMÉRICA-SEGARRA,4250,38.358390131,-0.485299308
217,6200-REPRESENTANTES,6200,38.352353657,-0.486160563
218,6201-PLAZA TORDERA,6201,38.349601904,-0.488933212
219,6202-PÉREZ GALDÓS-MARVÁ,6202,38.347995509,-0.491757626
220,4325-ESTACIÓN-CORREOS,4325,38.345164,-0.494645
221,4526-ESTACIÓN-AGUILERA,4526,38.343298883,-0.49544359
222,3135-MERCADO DE BABEL,3135,38.342173977,-0.506488359
223,4268-C. SALUD BABEL,4268,38.341779743,-0.508709942
224,4269-IES FIGUERAS-AZORÍN,4269,38.341019188,-0.51192794
226,4259-PERICOCO,4259,38.345294513,-0.516804233
227,4260-OCAÑA-JÚCAR,4260,38.344988981,-0.522375103
229,4203-TURIA,4203,38.347154525,-0.5242234260000001
231,4302-SALAMANCA-PÉREZ GALDÓS,4302,38.347492052,-0.4939145840000001
232,4303-CONDES DE SOTO AMENO,4303,38.349306835,-0.49535085
233,4358-RICO-IGLESIA,4358,38.351395627,-0.496960818
234,4308-RAYUELA,4308,38.351779413,-0.5005862290000001
235,4309-SAN ESTEBAN,4309,38.353310789,-0.500567853
236,4310-C.P. SAN FERNANDO,4310,38.354623058,-0.499149562
237,4311-RICO-HONDÓN,4311,38.355601155,-0.497273576
238,4312-HOGUERA SAN BLAS,4312,38.356908615,-0.496896663
239,4340-MERCADILLO-MIRRA,4340,38.358218109,-0.4974580140000001
240,3517-COLEGIO ALTOZANO,3517,38.356432932,-0.500780794
241,4329-FERNÁNDEZ-FOGUERES,4329,38.35711928,-0.502965692
242,4330-FERNÁNDEZ-MOROS Y CRISTIANOS,4330,38.358449498,-0.505769335
243,4331-CIUDAD DE MATANZAS,4331,38.359077573,-0.505644769
244,4355-IES 8 DE MARZO,4355,38.360781874,-0.50274818
245,4242-LA NUCÍA-LEGAZPI,4242,38.361344191,-0.501653123
246,4346-SAN AGUSTÍN,4346,38.362103603,-0.500505487
249,4348-IES 8 DE MARZO,4348,38.360831039,-0.502941032
250,4333-CIUDAD DE MATANZAS,4333,38.359045212,-0.505817532
251,4334-FERNÁNDEZ-MOROS Y CRISTIANOS,4334,38.358352405,-0.505864217
252,4339-FERNÁNDEZ-FOGUERES,4339,38.357040197,-0.503059956
253,4337-MARISTAS,4337,38.355508332,-0.503055416
254,3508-COLEGIO ALTOZANO,3508,38.35593965,-0.500465927
255,4354-MERCADILLO-MIRRA,4354,38.358137113,-0.497884207
256,4313-HOGUERA SAN BLAS,4313,38.356663354,-0.497225523
257,4314-C.P. SAN FERNANDO,4314,38.354704825,-0.499181074
258,4315-SAN ESTEBAN,4315,38.353294978,-0.500671379
259,4316-RAYUELA,4316,38.351601289,-0.500683897
260,4317-URB. SANTO DOMINGO,4317,38.350515048,-0.501716736
261,4307-PADRE RECADERO DE LOS RIOS 29,4307,38.350197134,-0.499908392
262,4326-PADRE RECAREDO DE LOS RÍOS 5,4326,38.351213427,-0.497710838
263,4321-SAN JUAN BAUTISTA,4321,38.349193782,-0.496384515
264,4322-GISBERT-STA. LEONOR,4322,38.348020032,-0.495429548
265,4323-BELLUGA,4323,38.347128082,-0.494590749
266,2604-MERCADO-EL SABIO,2604,38.34740801,-0.486629218
268,4450-ESTACIÓN DE AUTOBUSES,4450,38.337176879,-0.491890881
269,4214-ESTACIÓN-AVENIDA,4214,38.34441864,-0.4942952000000001
270,4273-DIPUTACIÓN,4273,38.345319008,-0.492158959
271,3128-LUCEROS,3128,38.345915903,-0.490159005
272,4400-MERCADO-SAN VICENTE,4400,38.348980641,-0.484755555
273,4401-MISERICORDIA,4401,38.352170634,-0.483512287
274,4402-CIGARRERAS,4402,38.353684758,-0.48143449
275,4403-PÍO XII,4403,38.355321159,-0.480016041
276,3585-PADRE ESPLÁ-VIDAL,3585,38.356255889,-0.478232833
277,3552-PLAZA MANILA,3552,38.358127929,-0.477298128
278,4404-C.P. 9 DE OCTUBRE,4404,38.359299531,-0.479820742
279,4405-POLIDEPORTIVO CAROLINAS,4405,38.361978774,-0.479968054
280,4406-GARBINET (TRAM),4406,38.363248181,-0.479500558
281,4407-CANO-GRAN VÍA,4407,38.365498449,-0.47981153
282,4408-CANO-VÍA PARQUE,4408,38.367476496,-0.48045242
283,4409-CANO-IES GRAN VÍA,4409,38.370029295,-0.481004724
284,4411-EDIFICIO GARBINET,4411,38.371622548,-0.4784199940000001
285,4412-C. SALUD JUAN XXIII,4412,38.373742825,-0.4785523390000001
286,4413-MELILLA-BENIGEMBLA,4413,38.373180106,-0.480036931
287,4414-MELILLA-BENIFATO,4414,38.37364914,-0.482573034
288,4415-JUAN XXIII-BAS MINGOT,4415,38.374729763,-0.483382539
289,4424-BAS MINGOT-GRANADOS,4424,38.374594903,-0.480045028
290,4425-C. SALUD JUAN XXIII,4425,38.374054858,-0.4788161949999999
291,4426-EDIFICIO GARBINET,4426,38.371447402,-0.478654986
292,4427-SIERRA DE CAVALLS,4427,38.370298809,-0.482643473
293,4430-C.P. ARNICHES,4430,38.364768275,-0.480214542
294,4431-GARBINET (TRAM),4431,38.362691536,-0.4800119749999999
295,4432-SAN MATEO-LÉRIDA,4432,38.360443467,-0.47687436
296,4433-SAN MATEO-FOGUERER,4433,38.358985845,-0.477806156
297,4434-MERCADO DE CAROLINAS,4434,38.357778099,-0.478626247
298,4435-PÍO XII,4435,38.355771094,-0.479988983
299,4436-PALMERETES,4436,38.355318293,-0.48239624
300,4437-MISERICORDIA,4437,38.352049987,-0.483768197
301,4438-CALDERÓN-PL. ESPAÑA,4438,38.350825083,-0.485469738
302,2601-ESTACIÓN-SALAMANCA,2601,38.343904249,-0.4946790549999999
303,3676-Ó. ESPLÁ-SEMPERE,3676,38.339307104,-0.493750752
304,4760-ESTACIÓN-Ó. ESPLÁ,4760,38.34287777777778,-0.4946805555555556
305,4502-PLA DE L'ESPARTAL,4502,38.344564841,-0.5283160810000001
306,4503-MERCALICANTE,4503,38.34398263,-0.537465861
307,4504-CARRETERA DE BACAROT,4504,38.343550871,-0.543509909
308,4505-PLA VALLONGA-ITV,4505,38.347496963,-0.552095029
309,4506-PLA VALLONGA-ALISIOS,4506,38.350112065,-0.552624783
310,4507-PLA VALLONGA-TRUENO,4507,38.351023741,-0.5548596300000001
311,4508-CENTRO PENITENCIARIO,4508,38.348860906,-0.561328445
312,4509-ATALAYAS-PESETA,4509,38.342183541,-0.564332672
313,4510-ATALAYAS-EURO P9,4510,38.339935081,-0.5723477340000001
314,4511-ATALAYAS-EURO P1,4511,38.337981147,-0.572412998
315,4512-ATALAYAS-LIBRA,4512,38.337813417,-0.564765134
316,4513-LO XEPERUT,4513,38.33846701,-0.598606294
317,3222-EL REBOLLEDO-AUTOVÍA,3222,38.341291843,-0.603226522
318,3223-EL REBOLLEDO-GASOLINERA,3223,38.342485051,-0.607820729
319,3224-EL REBOLLEDO-GRANADINOS,3224,38.34383224,-0.612021033
320,3225-EL REBOLLEDO-CORREOS,3225,38.344719522,-0.614440305
321,3226-EL REBOLLEDO-RESTAURANTE,3226,38.34574498,-0.617896275
322,3227-EL REBOLLEDO-CORREOS,3227,38.344602929,-0.614467015
323,3228-EL REBOLLEDO-GRANADINOS,3228,38.343821457,-0.6123760620000001
324,3229-EL REBOLLEDO-GASOLINERA,3229,38.341977087,-0.6067734540000001
325,3230-EL REBOLLEDO-AUTOVÍA,3230,38.341164376,-0.603162082
329,4517-ATALAYAS-PESETA,4517,38.342197746,-0.564149142
333,4521-CENTRO PENITENCIARIO,4521,38.348867054,-0.561190936
334,4522-CARRETERA DE BACAROT,4522,38.343406806,-0.54351478
335,4523-MERCALICANTE,4523,38.343747816,-0.538297574
336,4524-PLA DE L'ESPARTAL,4524,38.344359678,-0.52841459
337,2999-RAMBLA-SAN FERNANDO,2999,38.34407222222222,-0.4829749999999999
338,4600-RAMBLA-SAN JOSÉ,4600,38.345381378,-0.483724627
339,2904-ALCOY-AUDITORIO,2904,38.355452942,-0.487826908
340,2905-ALCOY-PARQUE DUVAL,2905,38.357642588,-0.489513398
341,2906-CONDE LUMIARES,2906,38.360325763,-0.491526241
342,2907-NOVELDA-GRAN VÍA,2907,38.362697397,-0.493298218
343,2908-NOVELDA-GASOLINERA,2908,38.364171961,-0.494414611
344,2909-NOVELDA-IGLESIA,2909,38.366383156,-0.4958489689999999
345,2910-NOVELDA-JARALES,2910,38.368534159,-0.496575902
346,2911-NOVELDA-PENÀGUILA,2911,38.372145027,-0.4977332430000001
347,2912-NOVELDA-BERNÁCER,2912,38.374224236,-0.498474202
348,2979-CLOT,2979,38.374800707,-0.495936229
349,3581-C.P. LUCENTUM,3581,38.374494759,-0.493428697
350,2980-VIRGEN DEL REMEDIO-PÉREZ MIRETE,2980,38.374283578,-0.491982372
351,3555-C.P. LUCENTUM,3555,38.374897721,-0.493311765
352,3557-C. SALUD CIUDAD JARDÍN,3557,38.375579088,-0.495256944
353,4652-CIUDAD JARDÍN (TRAM),4652,38.375836515,-0.497182445
354,2936-NOVELDA-BERNÁCER,2936,38.373429707,-0.498398579
355,2938-NOVELDA-JARALES,2938,38.368982922,-0.496915218
356,2939-NOVELDA-IGLESIA,2939,38.365841954,-0.495821861
357,2940-NOVELDA-GASOLINERA,2940,38.363745849,-0.494291988
358,2941-NOVELDA-GRAN VÍA,2941,38.362491535,-0.493362546
359,2942-CONDE LUMIARES,2942,38.360787951,-0.4920710119999999
360,2943-ALCOY-PARQUE DUVAL,2943,38.356970921,-0.489284873
361,2944-ALCOY-AUDITORIO,2944,38.354735272,-0.487554226
362,4630-POLICÍA LOCAL BENISAUDET,4630,38.365234306,-0.490166409
363,4908-UNICEF,4908,38.366425373,-0.491086569
364,4603-PARQUE LO MORANT,4603,38.367905472,-0.491619093
365,4604-C.P. LO MORANT,4604,38.370957905,-0.4927840230000001
366,4621-C.P. LA PAZ,4621,38.373003214,-0.492782034
367,3562-PL. ARGEL-VALLE-INCLÁN,3562,38.373987,-0.491871
368,3563-VALLE-INCLÁN-IGLESIA,3563,38.373968613,-0.489898682
369,4142-VILLA DE CHIVA,4142,38.373305904,-0.4879872889999999
370,4606-LUGO,4606,38.371951475,-0.489533526
371,4607-PABLO NERUDA,4607,38.37161285,-0.491811428
372,4906-C.P. LO MORANT,4906,38.370444694,-0.492801752
373,4602-PLAZA MEDITERRÁNEO,4602,38.3688467729159,-0.49246210216182834
374,4909-UNICEF,4909,38.366157222,-0.491187394
375,4910-GRAN VÍA-BENISAUDET,4910,38.364233113,-0.48969748
376,4762-NACIONES-HOLANDA (TRAM),4762,38.368609999,-0.420362003
377,4758-V. RAMOS-RIGUAL,4758,38.368344742,-0.422637489
378,4727-V. RAMOS-PASTOR,4727,38.366972099,-0.4278248250000001
379,4728-SERGIO CARDELL (TRAM),4728,38.365443134,-0.432468171
380,4729-MIRIAM BLASCO (TRAM),4729,38.368522864,-0.434854191
381,4730-TORRE SARRIÓ,4730,38.369797611,-0.435873521
382,4731-OLIMPO,4731,38.36871998,-0.4364495
383,4749-RÓMULO,4749,38.367036135,-0.4381455470000001
384,4734-C.P. LA ALBUFERETA,4734,38.364973608,-0.436536039
385,2725-NASA,2725,38.362825022,-0.434700782
386,2723-IGLESIA DE SANTIAGO,2723,38.362392663,-0.436764507
387,2674-PLAYA ALBUFERETA,2674,38.363404243,-0.442233353
388,2675-LA ISLETA (TRAM),2675,38.363325697,-0.447305813
389,4735-ALBUFERETA-EL GRECO,4735,38.365131672,-0.454108878
390,4736-ALBUFERETA-EL GRECO,4736,38.36509423,-0.458607802
391,2571-DÉNIA-CLÍNICA VISTAHERMOSA,2571,38.362244297,-0.4643036269999999
392,4761-IES EL PLA,4761,38.362221375,-0.468241113
393,4811-BARRIO OBRERO,4811,38.360608191,-0.469476064
394,3550-BULEVAR DEL PLA (TRAM),3550,38.358840484,-0.472318407
395,4738-LA OLIVERA,4738,38.35791041,-0.474730969
396,3551-C.A. MONTEMAR,3551,38.35725263,-0.4764016500000001
397,2900-ESTACIÓN-AVENIDA,2900,38.34479779363083,-0.4942196713706605
398,4700-LA OLIVERA,4700,38.357866258,-0.47435488
399,3567-BULEVAR DEL PLA (TRAM),3567,38.358941731,-0.471582508
400,4810-BARRIO OBRERO,4810,38.360336355,-0.469405435
401,4903-XAVIER SOLER,4903,38.362439837,-0.466677125
402,2510-DÉNIA-JESUITAS,2510,38.361528879,-0.464969467
403,2598-DÉNIA-LAS BRISAS,2598,38.363484064,-0.461639632
404,4703-ALBUFERETA-EL GRECO,4703,38.364974881,-0.458920977
405,4704-ALBUFERETA-EL GRECO,4704,38.365033185,-0.4537232270000001
406,4705-LA ISLETA (TRAM),4705,38.363446663,-0.448308633
407,2612-PLAYA ALBUFERETA,2612,38.362941588,-0.4416774580000001
408,4755-IGLESIA DE SANTIAGO,4755,38.362857838,-0.437022736
411,4709-VILLA ROMANA,4709,38.366743691,-0.434253288
412,4742-SERGIO CARDELL (TRAM),4742,38.365276605,-0.433092053
413,4751-V. RAMOS-ANSALDO,4751,38.365371954,-0.430044499
414,4711-V. RAMOS-PASTOR,4711,38.366568883,-0.427106668
415,4752-V. RAMOS-RIGUAL,4752,38.367824512,-0.422335512
416,4800-IES JAIME II,4800,38.362252548,-0.4705173540000001
417,4801-CRISTÓBAL PARDO,4801,38.362936117,-0.472130023
418,4802-V. REYES,4802,38.364772349,-0.472043187
419,4803-C.C. GRAN VÍA,4803,38.366625332,-0.471063085
420,4812-BELLEA DEL FOC,4812,38.367564,-0.471289
422,5010-PLAZA CASTALLA,5010,38.36970973,-0.471195953
423,4814-BELLEA DEL FOC,4814,38.367221,-0.471543
424,4806-V. REYES,4806,38.364891,-0.472291
426,4808-CRISTÓBAL PARDO,4808,38.362810808,-0.472168719
427,4809-IES JAIME II,4809,38.362180519,-0.470519864
428,4609-C.P. VIRGEN DEL REMEDIO,4609,38.371209537,-0.4868695410000001
429,4901-COLONIA REQUENA-RUBÍ,4901,38.375474808,-0.485348302
430,4421-TURQUESA,4421,38.376449325,-0.484994036
431,4422-LAS LOMAS,4422,38.376887436,-0.483158901
432,4423-C. SOCIAL JUAN XXIII,4423,38.376034903,-0.481643252
433,4902-C.C. GRAN VÍA,4902,38.365630384,-0.4713037509999999
434,4904-XAVIER SOLER,4904,38.36279305,-0.466344368
435,4905-BAS MINGOT-GRANADOS,4905,38.37470087,-0.479526284
436,4417-C. SOCIAL JUAN XXIII,4417,38.376105702,-0.481583564
437,4418-LAS LOMAS,4418,38.377233999,-0.483352912
438,4419-TURQUESA,4419,38.376623097,-0.48511392
439,4420-COLONIA REQUENA-RUBÍ,4420,38.375271409,-0.4855270400000001
440,3554-GASCUÑANA,3554,38.375030511,-0.488156506
441,3556-PL. ARGEL-BERNÁCER,3556,38.374824163,-0.4911395830000001
442,4912-HOSPITAL SANT JOAN,4912,38.389887915,-0.43493438
443,2565-DÉNIA-HOGAR PROVINCIAL,2565,38.385501766,-0.449456096
444,2566-ONCE,2566,38.382450471,-0.451257543
445,2567-COMPLEJO VISTAHERMOSA,2567,38.372663966,-0.456168066
446,2568-DÉNIA-LA ENCINA,2568,38.370643782,-0.457326175
447,2569-CAJA DE AHORROS,2569,38.367947262,-0.458874132
448,2570-DÉNIA-ALBUFERETA,2570,38.36514937,-0.4607345139999999
449,2511-DÉNIA-CONCHA ESPINA,2511,38.366349289,-0.4595595279999999
450,2512-CAJA DE AHORROS,2512,38.368767955,-0.45807859
451,2513-COMPLEJO VISTAHERMOSA,2513,38.372726801,-0.45574238
452,2514-ONCE,2514,38.382493536,-0.450752361
453,2515-DÉNIA-ESTACIÓN DE SERVICIO,2515,38.386622846,-0.447150035
454,4304-C.P. SOROLLA,4304,38.350490401,-0.497186531
455,4305-LA COLMENA,4305,38.348238646,-0.499335069
456,4306-C. SALUD SAN BLAS,4306,38.349424324,-0.500850344
457,5101-LAS FRANCISCANAS,5101,38.348393861,-0.503231353
458,5102-GUTIÉRREZ MELLADO,5102,38.348101904,-0.505598376
459,5103-PUENTE ROJO,5103,38.349097451,-0.50749786
460,5104-M. ALBEROLA,5104,38.35059671,-0.5068170950000001
461,5105-FELICÍSIMO RUÍZ,5105,38.351949475,-0.508567099
463,5118-CRUZ ROJA,5118,38.35353261383914,-0.5080708553091806
464,4332-PLAZA JUAN PABLO II,4332,38.354252726,-0.510524879
465,5109-LUIS RIVERA,5109,38.352694724,-0.513107062
466,5110-JORNET NAVARRO,5110,38.350989692,-0.510041734
467,5111-RICARDO FERRÉ,5111,38.349451269,-0.508881631
468,5112-PUENTE ROJO,5112,38.34856379,-0.506978409
469,5119-GUTIÉRREZ MELLADO,5119,38.347959304,-0.505671923
470,5114-LAS FRANCISCANAS,5114,38.348408212,-0.503059234
471,4318-C. SALUD SAN BLAS,4318,38.349254715,-0.500924831
472,4319-LA COLMENA,4319,38.348534276,-0.4988328960000001
473,4320-C.P. SOROLLA,4320,38.350201792,-0.497173592
489,3526-MERCADILLO-GRAN VÍA,3526,38.35954606,-0.497618226
492,5014-HOSPITAL-GRAN VÍA,5014,38.364804749,-0.4856836490000001
495,3564-C.P. MANJÓN-CERVANTES,3564,38.357076369,-0.482026319
496,4525-ESTACIÓN-Ó. ESPLÁ,4525,38.34251498,-0.494601116
497,2602-ESTACIÓN-MAISONNAVE,2602,38.343235677,-0.493752517
498,2501-MAISONNAVE-PORTUGAL,2501,38.343300892,-0.4917481100000001
500,2609-LA MARINA (TRAM),2609,38.349042746,-0.472991251
501,2610-FINCA ADOC,2610,38.359789369,-0.452488168
502,2611-LA ISLETA (TRAM),2611,38.361940357,-0.4482357
509,2621-AV. BENIDORM (TRAM),2621,38.366105696,-0.4118105
510,2622-FONTANA,2622,38.368504064,-0.411885206
511,2624-LONDRES (TRAM),2624,38.371081988,-0.4119306189999999
512,2625-CASTILLA,2625,38.373408076,-0.411996456
513,2712-PLAZA LA CORUÑA,2712,38.375316736,-0.411928385
514,2733-MILÁN,2733,38.37735422,-0.41198162
515,2734-COSTA BLANCA (TRAM),2734,38.38024674,-0.41199291
558,2663-CASTILLA,2663,38.372890698,-0.4122323700000001
559,2664-LONDRES (TRAM),2664,38.370519593,-0.41216813
560,2666-FONTANA,2666,38.367878394,-0.412113519
566,2726-ADOLFO SUÁREZ,2726,38.362398831,-0.4337545600000001
567,2676-VISTAMAR,2676,38.361389796,-0.449433754
568,2677-FINCA ADOC,2677,38.360036242,-0.452239192
569,2678-LA MARINA (TRAM),2678,38.349783749,-0.472256071
570,2688-RAMBLA-PORTAL DE ELCHE,2688,38.344724761,-0.483358374
571,3100-MERCADO-EL SABIO,3100,38.347451631,-0.486982397
572,2947-LUCEROS-EL SABIO,2947,38.346531215,-0.4894398180000001
573,4501-MAISONNAVE-CALVO SOTELO,4501,38.343559253,-0.489508207
574,2700-IGLESIA DE SANTIAGO,2700,38.362239116,-0.4375709959999999
575,2727-ADOLFO SUÁREZ,2727,38.362290023,-0.433312098
576,2701-ALMADRABA,2701,38.360978993,-0.432282751
577,2702-IES CAP DE L'HORTA,2702,38.359411374,-0.431468498
578,2703-VENECIA,2703,38.358523927,-0.429623206
579,2704-PALANGRE-LAS REDES,2704,38.358870362,-0.427345174
580,2705-PALANGRE-TRIDENTE,2705,38.359167112,-0.424038986
581,2706-PARQUE DEL CABO,2706,38.357381748,-0.422340101
582,2707-C.C. AZAHARA,2707,38.359218036,-0.419803155
583,2708-C.P. VORAMAR,2708,38.361279196,-0.419295045
584,2724-CAMINO DEL FARO,2724,38.362125567,-0.416815994
585,2709-C.P. EL FARO,2709,38.359350007,-0.41516392
586,2710-CABO DE LAS HUERTAS-EL FARO,2710,38.3575848,-0.413567521
587,2711-LA DORADA,2711,38.361508981,-0.412558007
590,2729-IES PLAYA DE SAN JUAN,2729,38.376943994,-0.416254191
591,2731-AV. BENIDORM (TRAM),2731,38.365551545,-0.412013367
592,2713-PLAYA HUERTAS,2713,38.362713055,-0.413224611
593,2714-CAMINO DEL FARO,2714,38.362686208,-0.416498505
594,2715-C.P. VORAMAR,2715,38.360638273,-0.41964969
595,2716-C.C. AZAHARA,2716,38.359304607,-0.420051832
596,2717-PARQUE DEL CABO,2717,38.357341708,-0.4221584350000001
597,2718-PALANGRE-TRIDENTE,2718,38.35924115,-0.424127906
598,2719-PALANGRE-LAS REDES,2719,38.358956414,-0.427570991
599,2720-VENECIA,2720,38.358623967,-0.4296654369999999
600,2721-IES CAP DE L'HORTA,2721,38.359250795,-0.431130879
601,2722-ALMADRABA,2722,38.361985877,-0.432590451
602,4716-LA MARJAL,4716,38.37632893,-0.41982435
605,REYES CATOLICOS 17,4447,38.342601001,-0.4897815780000001
613,2843-HOSPITAL SANT JOAN,2843,38.3893995,-0.43529607
644,3132-Ó. ESPLÁ-SEMPERE,3132,38.340022757,-0.493508699
677,3047-PANTEÓN DE QUIJANO,3047,38.351618963,-0.4846756230000001
678,3008-CASTELLÓ-ESMERALDA,3008,38.374711547,-0.487148863
679,3009-INTERCITY,3009,38.380084828,-0.488553859
680,3010-VILLA MARÍA,3010,38.381814095,-0.4889404279999999
681,3011-LAS PARRAS,3011,38.385491063,-0.490656206
682,3012-LOS POSTIGOS,3012,38.387920265,-0.49006845
683,3048-POLIDEPORTIVO VILLAFRANQUEZA,3048,38.389255511,-0.4901481600000001
684,3013-VILLAFRANQUEZA-IGLESIA,3013,38.386751889,-0.4910476029999999
685,3030-LAS PARRAS,3030,38.385051355,-0.490740102
686,3031-VILLA MARÍA,3031,38.381808036,-0.489078002
687,3032-INTERCITY,3032,38.379691121,-0.488681954
688,3033-CASTELLÓ-ESMERALDA,3033,38.375354488,-0.487298288
707,3131-PARQUE DEL MAR,3131,38.333024111,-0.505864297
708,3108-SAN GABRIEL-CERCANÍAS,3108,38.328952163,-0.509286921
709,3109-PARQUE EL PALMERAL,3109,38.319670217,-0.513893857
710,3139-CIUDAD DE LA LUZ,3139,38.311158989,-0.523424967
712,3141-MORENO-ELCHE,3141,38.306608315,-0.518719973
713,3113-URBANOVA-PARKING,3113,38.287358003,-0.521937042
714,3137-URBANOVA-BERTOMEU,3137,38.283570951,-0.522237414
715,3138-URBANOVA-LATORRE,3138,38.281581241,-0.522739508
716,3115-URBANOVA-CASASEMPERE,3115,38.279952628,-0.521994752
717,3112-AGUA AMARGA,3112,38.30749806,-0.518186474
718,3116-URBANOVA-LATORRE,3116,38.281750144,-0.522630881
719,3117-URBANOVA-ROCH,3117,38.284449166,-0.522436159
720,3118-URBANOVA-PARKING,3118,38.287694115,-0.521639797
721,3119-AGUA AMARGA,3119,38.308028855,-0.517722386
724,3144-CIUDAD DE LA LUZ,3144,38.311153917,-0.5231849870000001
725,3121-SAN GABRIEL-CERCANÍAS,3121,38.328791807,-0.508949257
829,3506-LA VIÑA-ORIÓN,3506,38.343638685,-0.507570744
830,3507-ISLA DE CORFÚ,3507,38.353006476,-0.502775278
839,3516-MERCADILLO-GRAN VÍA,3516,38.359365044,-0.498002099
840,3518-ISLA DE CORFÚ,3518,38.352949317,-0.503475233
841,3519-LA VIÑA-ORIÓN,3519,38.34327926,-0.50804071
845,2957-PARQUE H. Y J. FRANCÉS,2957,38.38307475,-0.42870774
846,2958-TORRE PLÁCIDA,2958,38.38110777,-0.42612181
847,2959-CAMPO DE GOLF (TRAM),2959,38.37871603,-0.42307035
850,3600-LA CALITA,3600,38.35584774,-0.42715476
851,3608-PARQUE DEL CABO,3608,38.35652639,-0.42195852
852,3609-CAMINO DEL FARO,3609,38.36249689,-0.4164938
853,3602-PLAYA HUERTAS,3602,38.36268081,-0.41217293
854,2952-CAMPO DE GOLF (TRAM),2952,38.37943161,-0.4236516
855,2953-TORRE PLÁCIDA,2953,38.38097042,-0.42561158
856,2954-PARQUE H. Y J. FRANCÉS,2954,38.3832418,-0.42851866
857,2976-LA CADENA,2976,38.3881101,-0.43809964
858,3700-BELANDO 6,3700,38.3472237,-0.488958223
859,3701-BELANDO 30,3701,38.348541067,-0.489885226
860,3702-M. BARBIERI,3702,38.349593646,-0.490649781
861,3709-CONSERVATORIO,3709,38.352746967,-0.4910557340000001
862,3703-CIUDAD DEPORTIVA,3703,38.356342532,-0.494021104
863,3704-CENTRO DE TECNIFICACIÓN,3704,38.354687606,-0.494581695
864,3705-CAMINO DE RONDA,3705,38.35520135,-0.492904765
865,3706-CONSERVATORIO,3706,38.352977204,-0.49128807
866,3710-MARQUÉS DE MOLINS,3710,38.349744749,-0.490553025
867,3707-M. GAZTAMBIDE,3707,38.349181247,-0.489485521
868,3708-P. IGLESIAS,3708,38.347643374,-0.488360194
1082,2507-MARQ-CASTILLO (TRAM),2507,38.35209296,-0.476134715
1083,3675-ELCHE-F. MAYO,3675,38.33682312,-0.50105499
1137,4253-AGUILERA-JUZGADOS,4253,38.342978130,-0.501941616
1138,4254-PRINCESA MERCEDES,4254,38.344474032,-0.503217345
1139,4255-BOTÁNICO,4255,38.344159929,-0.505813820
1140,4210-C.P. GABRIEL MIRÓ,4210,38.346385585,-0.506240825
1141,4211-R. MENDIZÁBAL,4211,38.344955176,-0.505077163
1142,4212-PRINCESA MERCEDES,4212,38.344715930,-0.503575148
1144,3561-ÁVILA,3561,38.374149303,-0.487820744
1145,3582-C.P. LA PAZ,3582,38.372537715,-0.492924017
1146,6121-RÍO MUNI,6121,38.344483882,-0.517243822
1147,6126-RÍO MUNI,6126,38.344515535,-0.517036800
1148,6122-PUERTA DE ALICANTE,6122,38.342898985,-0.516863229
1149,6127-HERNÁNDEZ MATA-LLIBER,6127,38.343370617,-0.516583968
1150,6123-DE LA VEGA,6123,38.343276764,-0.515557491
1151,6118-PUERTA DE ALICANTE,6118,38.342168732,-0.516419116
1154,3670-ELCHE-F. MAYO,3670,38.33718079,-0.50008174
1159,4416-BAS MINGOT-PLAZA,4416,38.374639244,-0.481268194
1160,3110-EUIPO-ELCHE,3110,38.312891293,-0.516721601
1161,3111-EUIPO,3111,38.314011121,-0.519393765
1162,3120-EUIPO-ELCHE,3120,38.312460359,-0.516370360
1163,3130-EUIPO,3130,38.313626,-0.519255
1169,6098-PÉREZ GALDÓS-TUCUMÁN,6098,38.347241071,-0.493133778
1170,6203-PÉREZ GALDÓS-TUCUMÁN,6203,38.347299009,-0.493314843
1171,6099-REPRESENTANTES,6099,38.351629663,-0.487272634
1178,4202-CHAPA,4202,38.349279875,-0.527583558
1179,4201-MINA,4201,38.351434009,-0.528894747
1180,4200-CEMENTERIO,4200,38.353562565,-0.530275535
1183,5013-GRAN VÍA-BENISAUDET,5013,38.364258124,-0.487922761
1191,3145-TORMOS,3145,38.305041772,-0.521334813
1192,3146-ELCHE-ORBA,3146,38.303697947,-0.521700766
1193,3651-ELCHE-ANTELLA,3651,38.302330554,-0.527350218
1205,4805-COCHERAS,4805,38.365410155,-0.477803245
1206,4816-SIDI-IFNI,4816,38.365057467,-0.482768034
1208,4804-COCHERAS,4804,38.365834543,-0.477845148
1209,4815-SIDI-IFNI,4815,38.365222384,-0.482895069
1210,3147-LA VIÑA-ORIÓN,3147,38.343628195,-0.507924631
1217,3920-PLAZA DE TOROS,3920,38.352968,-0.485237
1220,3652-ELCHE-BENIJÓFAR,3652,38.301635,-0.533167
1221,3665-MORENO-CINE,3665,38.306319,-0.522510
1224,4287-VÍA PARQUE-NOVELDA,4287,38.367011,-0.497237
1225,4229-C. SOCIAL TÓMBOLA,4229,38.366752,-0.498603
1226,4228-V. DEL PUIG-IGLESIA,4228,38.368413,-0.499089
1243,4499-LÓPEZ TORREGROSA,4499,38.347255,-0.485098
1273,4197-LA LUNA-TANATORIO,4197,38.345042,-0.524904
1274,4198-LA LUNA-TANATORIO,4198,38.345414,-0.524329
1275,4299-SAMARITANA,4299,38.349131,-0.525158
1276,4298-NUEVO CEMENTERIO,4298,38.353038,-0.527796
1280,4294-LA NUCÍA-TEULADA,4294,38.362878,-0.498530
1281,3154-DESALADORA,3154,38.299649,-0.521172
1282,3156-DESALADORA,3156,38.298971,-0.520629
1292,3035-C.P. VIRGEN DEL REMEDIO,3035,38.37057789749613,-0.48645935961732245
1303,4081-BILBAO,4081,38.343795044104986,-0.48352668457769055
1311,4445-MUNTANYETA-SOTO,4445,38.344601220563916,-0.4894660498882855
1312,6143-J. VERDAGUER,6143,38.364469,-0.505805
1313,6142-CINCO SOLES,6142,38.366339,-0.506408
1314,6144-P. HORADADA,6144,38.363554,-0.504375
1319,4082-R. ALTAMIRA,4082,38.34432819993485,-0.4828881871311651
1366,6165-PLA VALLONGA-MISTRAL,6165,38.3478805,-0.5556007
1385,2963-JUAN MATOS,2963,38.3642241,-0.4338839
1386,3553-EL PINOSO,3553,38.3594806,-0.4825437
1387,4256-ORIÓN-VICENTE CHAVARRI,4256,38.34165,-0.50827
1388,4363-GISBERT-ALCALÁ,4363,38.3478186,-0.4980946
1389,4717-CONDOMINA (TRAM),4717,38.3746632,-0.4260712
1390,4718-PARQUE DE BOMBEROS,4718,38.3718722,-0.4339201
1391,4743-JUAN MATOS,4743,38.3642811,-0.4340919
1392,4759-NACIONES-HOLANDA (TRAM),4759,38.36916,-0.41972
1393,6153-C.C. VISTAHERMOSA-SUR,6153,38.3694222,-0.4676967
1394,6154-C.C. VISTAHERMOSA-NORTE,6154,38.3711743,-0.4669681
1395,6156-IES RADIO EXTERIOR,6156,38.3650311,-0.4195027
1396,6159-VISTAHERMOSA-EUCALIPTO,6159,38.369782,-0.46428
1397,6160-PAU 5-CONSTITUCIÓN,6160,38.3867927,-0.4183619
1398,6161-GARBERÍ-R. SOLER,6161,38.3835802,-0.4146229
1399,6162-LA MARJAL,6162,38.3764045,-0.4208246
1400,6163-PAÍSES ESCANDINAVOS (TRAM),6163,38.37197,-0.41983
1401,6164-LA MARJAL,6164,38.37589,-0.42
1402,6166-PÍO XII,6166,38.35582,-0.48011
113,VAZQUEZ DE MELLA - TRAM STATION,2845,38.35228721,-0.476368252
474,ALICANTE 3,2805,38.411059653,-0.442647649
475,CARLOS SOLER 50,3467,38.414723481,-0.444556783
476,CARLOS SOLER 70,2850,38.416429589,-0.445527307
477,JAUME II - INSTITUT L'ALLUSSER,2866,38.420986994,-0.446683675
478,MARE DE DEU MONTSERRAT  3,2861,38.422740329,-0.448168061
481,ALFONSO XII 49,2867,38.421154987,-00.448189561
482,LA SOLEDAD 21,2811,38.418129414,-0.4470363680000001
483,PLAZA SAN ROQUE,2858,38.416037671,-0.446148099
484,PLAZA NUEVA,2857,38.413546028,-0.445102201
485,ALICANTE 8,2814,38.410661506,-0.442570092
486,2945-PLAZA DE ESPAÑA,2945,38.352178581,-0.485560182
499,2607-PUERTA DEL MAR,2607,38.34425647,-0.47959906
503,CONDOMINA 30,2613,38.363394454,-0.433959688
504,CONDOMINA 36,2614,38.363471069,-0.430878544
505,CONDOMINA 52,2615,38.363715943,-0.425617069
506,CONDOMINA 64,2616,38.36428097,-0.422221019
507,CATALUÑA 27,2618,38.364357745,-0.417526207
508,CATALUÑA 17,2619,38.363780988,-0.414662834
516,AV. JOAQUIN ARIAS (CONSUM) I,2735,38.383965527,-0.411883136
517,JUAN DE LA CIERVA (PARQUE),2736,38.385518511,-0.4116216740000001
518,JUAN DE LA CIERVA 39,2737,38.387913233,-0.411124095
519,JUAN DE LA CIERVA - ISAAC PERAL I,2738,38.390084405,-0.4107031340000001
520,JUAN DE LA CIERVA - SEVERO OCHOA,2739,38.39226957449761,-0.410256126685199
521,JUAN DE LA CIERVA - BARCELONA I,2740,38.39630156,-0.409485014
522,BARCELONA - LES ANCORES I,2741,38.397040194,-0.411920202
523,FABRAQUER - CENTRO COMERCIAL,2742,38.398675271,-0.412926627
524,FABRAQUER - LICEO FRANCÉS I,2743,38.400801583,-0.412106496
525,FABRAQUER - GINGOLER I,2744,38.404861354,-0.409488233
526,MONGOMIT - FABRAQUER,2745,38.408348134,-0.407852054
527,JAUME I - VELÁZQUEZ I,2635,38.408887805,-0.402931663
528,JAUME I 44 - MURILLO,2636,38.411707627,-0.401696884
529,JAUME I 36,2697,38.412794675,-0.40074176
530,JAUME I 22 - RINCÓN DE LA ZOFRA,2637,38.413822257,-0.397922078
531,JAUME I 3 - CABO VERDE,2638,38.41555532,-0.3940118989999999
532,SANT BARTOLOMEU 10,2639,38.420450708,-0.392117841
533,SANT BARTOLOMEU - PLAZA PESCADOR,2640,38.423678506,-0.391406039
534,FURS - INSTITUTO,2746,38.425742245,-0.392637434
535,ESTACIÓN - FGV V,3083,38.427952655,-0.394791401
536,LA MAR 29,2537,38.428542415,-0.392548065
537,SANT BARTOLOMEU 51,2643,38.42619722222222,-0.391125
538,SANT BARTOLOMEU 33,2644,38.423861371,-0.3915254409999999
539,SANT BARTOLOMEU 5,2645,38.420463026,-0.392266286
540,JAUME I - RIO MONNEGRE,2646,38.415531623,-0.39416163
541,JAUME I 20,2647,38.413911623,-0.397483696
542,JAUME I 38,2648,38.412065462,-0.401580987
543,JAUME I - VELÁZQUEZ II,2687,38.408872338,-0.403046729
544,FABRAQUER - MONGOMIT,2651,38.408449818,-0.408375163
545,FABRAQUER - GINGOLER II,2652,38.40465808,-0.409667255
546,FABRAQUER - LICEO FRANCÉS II,2679,38.400898442,-0.412412183
547,FABRAQUER 36 - CENTRO COMERCIAL,2653,38.398555546,-0.413217136
548,BARCELONA - LES ANCORES II,2691,38.396936455,-0.412118543
549,JUAN DE LA CIERVA - BARCELONA II,2696,38.396377129,-0.409642602
550,JUAN DE LA CIERVA 22 - SEVERO OCHOA,2692,38.391917504,-0.410477393
551,JUAN DE LA CIERVA - ISAAC PERAL II,2693,38.389890383,-0.410893232
552,JUAN DE LA CIERVA 46,2747,38.388006805,-0.411281024
553,JUAN DE LA CIERVA 70,2748,38.385584819,-0.411768124
554,AV. JOAQUIN ARIAS (CONSUM) II,2749,38.383915047,-0.412045197
555,C. BLANCA- MTRO. JOSE GARBERI (PAU 5) II,2757,38.380181289,-0.412292854
556,COSTA BLANCA - MILÁN II,2758,38.377308793,-0.412372408
557,COSTA BLANCA - PLAZA DE LA CORUÑA,2759,38.375732491,-0.412394283
561,BENIDORM 5,2668,38.365917591,-0.413900077
562,BENIDORM 18,2669,38.365147901,-0.418219083
563,LA GOLETA 23,2670,38.362732168,-0.422264573
564,LA GOLETA II,2671,38.362694897,-0.426305578
565,LA GOLETA 3,2672,38.362645443,-0.429797709
588,2728-OVIEDO 10,2728,38.377205166,-0.416656951
589,3328-LA MARJAL,3328,38.376842609,-0.419828974
603,OSCAR ESPLÁ  27,4448,38.341481948,-0.494327844
604,REYES CATOLICOS 47,4449,38.341568556,-0.492059613
606,FEDERICO SOTO 20,2856,38.345133987,-0.4898313440000001
607,2503-LUCEROS-EL SABIO,2503,38.346452077,-0.489110753
608,ALFONSO EL SABIO 3,2504,38.347899544,-0.485182008
609,JAIME II FTE. 71,2505,38.350807677,-0.481305427
610,VAZQUEZ DE MELLA 15,2506,38.352274037,-0.479103418
611,2508-DENIA 60 - LA GOTETA,2508,38.356408882,-0.471121451
612,2509-DENIA 82 - COLEGIO CALASANCIO,2509,38.358755859,-0.467984339
614,AVENIDA DEL HOSPITAL I,2800,38.390360951,-0.441317206
615,ALICANTE 51,2801,38.394198136,-0.4396132890000001
616,ALICANTE - JARDÍN ASUNCIÓN RUBIO – BENI-ALI,2802,38.396871092,-0.437412217
617,MAYOR 71,2523,38.399163893,-0.435957205
618,MAYOR - PLAZA DE ESPAÑA,2821,38.401393975,-0.436164562
619,CERVANTES 26,2870,38.404256847,-0.438112906
620,MUTXAMEL 6 - EL SALT,2803,38.406267618,-0.439415907
621,MUTXAMEL 32 - RAJOLETES,2804,38.407639887,-0.440363648
622,ALICANTE 37,2864,38.409212974,-0.441430295
623,JOSE LUIS JIMENEZ VARGAS,2855,38.417944621,-0.4464129889999999
624,ALICANTE 32 - ELS OMS,2865,38.409024154,-0.4414484140000001
625,MUTXAMEL 9 - RAJOLETES,2816,38.407442814,-0.440416413
626,MUTXAMEL 1 - EL SALT,2815,38.405942246,-0.439370151
627,RAMBLA DE LA LIBERTAD 27,2847,38.4055668,-0.43703604
628,RAMBLA DE LA LIBERTAD - S. JUAN BAUTISTA,2846,38.402980312,-0.4361885950000001
629,RAMBLA 34,3410,38.400157479,-0.4352465200000001
630,MOSEN PEDRO MENA 8,2522,38.39807640669651, -0.4352329234762746
631,ALICANTE - BEN-ALI,2817,38.39676806,-0.437644844
632,ALICANTE 30,2818,38.394227647,-0.439726736
633,AVENIDA DEL HOSPITAL II,2819,38.390049086,-0.441064903
634,HOSPITAL SANT JOAN I,2841,38.389292961,-0.435333213
635,2572-DÉNIA-JESUITAS,2572,38.360696811,-0.466074222
636,2573-DENIA VIII - COLEGIO CALASANCIO,2573,38.358429299,-0.4687166529999999
637,2574-DENIA 51 - COLEGIO DE MÉDICOS,2574,38.356537895,-0.471254273
638,INDALECIO PRIETO 45,2575,38.355434674,-0.4731578679999999
639,INDALECIO PRIETO - MARQ,2576,38.353148845,-0.4762124409999999
640,VAZQUEZ DE MELLA 16,2577,38.352412188,-0.478824006
641,JAIME II 71,2578,38.350591684,-0.481736273
642,JAIME II 1 - ESTACIÓN MERCADO,2579,38.348336469,-0.484549029
645,REYES CATÓLICOS 31,2965,38.342163369,-0.490803482
646,PLAZA DE ESPAÑA - PANTEON DE QUIJANO I,2903,38.351340095,-0.484696724
647,NOVELDA 220,2913,38.377346444,-0.49953409
648,ALICANTE - SANTA ISABEL I,2914,38.381488695,-0.503638161
649,ALICANTE 133,2915,38.384384876,-0.507201684
650,ALICANTE 87 (UNIVERSIDAD),2916,38.387095775,-0.510531443
651,PERÚ 2,3403,38.390918666,-0.514464414
652,VILLAFRANQUEZA (LO TORRENT),3419,38.393842974,-0.514272567
653,CIUDAD JARDÍN 3,2970,38.392586441,-0.517051906
654,ALICANTE 23,2918,38.393722748,-0.518799027
655,ANCHA DE CASTELAR 8,2919,38.39539093368363, -0.5208650168751858
656,ANCHA DE CASTELAR 68,2920,38.397561182,-0.522629194
657,ANCHA DE CASTELAR 130,2921,38.399860362,-0.5244055010000001
658,ANCHA DE CASTELAR 178,2922,38.401767273,-0.525954851
659,ANCHA DE CASTELAR (ESQ. C\/ JÁVEA),2923,38.403325251,-0.527195571
660,ANCHA DE CASTELAR 208,2949,38.405203736,-0.5282536490000001
661,LILLO JUAN 137 - HOSPITAL SAN VICENTE,2924,38.40384828,-0.5297770040000001
662,ANCHA DE CASTELAR (FP CANASTELL),2948,38.403291893,-0.5273226640000001
663,ANCHA DE CASTELAR 153,2926,38.401533413,-0.525974284
664,ANCHA DE CASTELAR 103,2927,38.399444247,-00.524328114
665,ANCHA DE CASTELAR 53,2928,38.397132431,-0.522380509
666,ANCHA DE CASTELAR 7,2929,38.395747661,-0.521237113
667,ALICANTE 48,2930,38.393709346,-0.519017015
668,CIUDAD JARDIN 2,2971,38.392580617,-0.516777335
669,VILLAFRANQUEZA (C.P. J.R. GARCÍA ANTÓN),2972,38.393693795,-0.514460865
670,PERÚ (Pº DE LAS NACIONES),3995,38.391004316,-0.514678999
671,ALICANTE (UNIVERSIDAD),2932,38.386057662,-0.510017579
672,ALICANTE - CENTRO COMERCIAL II,2933,38.384335969,-0.507443761
673,ALICANTE - SANTA ISABEL II,2934,38.38127236,-0.503634158
674,NOVELDA 253,2935,38.377787417,-0.4999309639999999
675,OSCAR ESPLA 33,2964,38.342115635,-0.494466158
689,VARIANTE DE VILLAFRANQUEZA 10 I,3014,38.390733536,-0.488482767
690,CTRA. TANGEL - MAGISTRADO R. IZQUIERDO,3015,38.394633854,-0.487168395
691,RONDA NORTE - MANUEL LILLO,3016,38.39766924,-0.483342077
692,RONDA NORTE - GARRACHICO,3017,38.400379395,-0.478645098
693,RONDA NORTE III - CAPRICORNIO,3407,38.40208317,-0.474085894
694,CTRA. TÁNGEL - RONDA NORTE,3024,38.403505716,-0.473200431
695,CTRA. TANGEL II,3018,38.406659375,-0.471533137
696,TANGEL -CALLE UNICA,3019,38.409563423,-0.468740722
697,AMETLER 16,3020,38.412830868,-0.4710887160000001
698,AMETLER 56,3021,38.411310025,-0.476604246
699,PI 23,3022,38.409966187,-0.472368208
700,AMETLER 1,3023,38.411192673,-0.4703328339999999
701,RONDA NORTE V - CTRA.MONNEGRE II,3414,38.407396023,-0.4655987010000001
702,RONDA S.VICENTE - S.JUAN - CTRA. TANGEL,3415,38.40289125,-0.473118803
703,RONDA NORTE 58,3026,38.400404549,-0.478976271
704,RONDA NORTE VIII,3027,38.399278414,-0.481076399
705,CTRA. TANGEL - FONT DE SALA,3028,38.39453023,-0.487378069
706,VARIANTE DE VILLAFRANQUEZA 10 II,3029,38.390745976,-0.488642614
726,CTRA. LA ALCORAYA - CAMI EL TRINQUET V,3233,38.370093311,-0.6308663450000001
728,CTRA. LA ALCORAYA 323 - CAMINO DE LA FIESTA,3235,38.375393146,-0.627385441
729,CTRA. LA ALCORAYA 301 - PARTIDA SAN ISIDRO,3236,38.377531268,-0.623515328
730,CTRA. LA ALCORAYA - CAMINO DE ALICANTE,3237,38.379032618,-0.617582569
731,CTRA. LA ALCORAYA - CAMINO DEL CHAPARRAL,3238,38.381999852,-0.611967636
732,CTRA. LA ALCORAYA 231 - CAMINO DE LAS VIUDAS II,3239,38.385897885,-0.606058238
733,CTRA. LA ALCORAYA FTE. 190 - FABRICA YESOS,3240,38.392139463,-0.598444864
734,LOS LOBOS 22 V - PARTIDA ALABASTRE,3272,38.395450144,-0.599949536
735,LA PANTERA 23 - PARTIDA ALABASTRE,3273,38.397249476,-0.599374732
736,CTRA. LA ALCORAYA 179,3241,38.395650246,-0.5912643560000001
737,CTRA. LA ALCORAYA KM. 3.900 - RIPIO,3242,38.395616404,-0.586994905
738,LOS MONTEROS - SIERRA MEDIANA II,3253,38.387084385,-0.586603409
739,LOS MONTEROS IV - SIERRA DE FONTCALENT,3254,38.391179116,-0.581990743
740,CTRA. LA ALCORAYA 123 - FARMACIA,3243,38.396637491,-0.579713437
741,CTRA. LA ALCORAYA FTE. 102,3244,38.399003545,-0.577791019
742,CTRA. VERDEGAS FTE. 27 - COLEGIO VERDEGAS II,3245,38.404702739,-0.583680851
743,CTRA. LA ALCORAYA 71,3246,38.403035516,-0.571037904
744,CTRA. LA ALCORAYA FTE. 50 - C. LA CAÑADA,3247,38.402864644,-0.566280225
745,CTRA. LA ALCORAYA 31,3248,38.400514412,-0.560290585
746,CTRA. LA ALCORAYA - FABRICA DE PALETS,3249,38.397991906,-0.550814992
747,CTRA. LA ALCORAYA - FÁBRICA DE TUBOS V,3250,38.397853010,-00.539461625
748,CTRA. ALCORAYA (PLAZA 8 DE MARZO),3261,38.39703657503705,-0.5359255243050032
749,MIGUEL HERNANDEZ FTE. 52,3251,38.397179711,-0.528882216
750,PINTOR SOROLLA 15,3287,38.398463491,-0.5248196000000001
751,PINTOR SOROLLA  12,3824,38.398464325,-0.524006642
752,MIGUEL HERNANDEZ 62,3200,38.397106401,-0.529251099
753,CTRA. ALCORAYA (LOS TUBOS),3256,38.397081750,-00.535778160
754,CTRA. LA ALCORAYA - FABRICA VIGAS I,3202,38.398175905,-0.55142706
755,CTRA. LA ALCORAYA 36,3203,38.4013844,-0.561394874
756,CTRA. LA ALCORAYA 50 - COLEGIO LA CAÑADA,3204,38.402941909,-0.566529541
757,CTRA. LA ALCORAYA 54,3205,38.403086455,-0.570887339
758,CTRA. VERDEGÁS FTE. 27- COLEGIO VERDEGAS II,3206,38.404841346,-0.58384799
759,CTRA. LA ALCORAYA - 102,3207,38.399302107,-0.577849741
760,CTRA. LA ALCORAYA 118 - CONSULTORIO,3208,38.396442689,-0.580315309
761,LOS MONTEROS - SIERRA DE FONTCALENT I,3209,38.391197125,-0.581990142
762,LOS MONTEROS - SIERRA MEDIANA I,3252,38.387048368,-0.5866046069999999
763,CTRA. LA ALCORAYA - AV. LOS CABOS,3210,38.39586829,-0.586975071
764,CTRA. LA ALCORAYA 162,3211,38.395762064,-0.591443829
765,LOS LOBOS 22 - PARTIDA ALABASTRE,3257,38.395410843,-0.599790547
766,PANTERA 23 - PARTIDA ALABASTRE,3258,38.39727907,-0.5994996970000001
767,CTRA. LA ALCORAYA - 190,3212,38.391829615,-0.599153497
768,CTRA LA ALCORAYA 234 - CAMINO DE LAS VIUDAS I,3213,38.385830293,-0.606277976
769,CTRA. LA ALCORAYA 258,3214,38.381607191,-0.613480126
770,CTRA. LA ALCORAYA FTE. 281 - PALMITO,3215,38.378465007,-0.618471142
771,CTRA. LA ALCORAYA 312 - PARTIDA SAN ISIDRO,3216,38.377582509,-0.623376292
772,CTRA. LA ALCORAYA FTE. 323 - CAMINO DE LA FIESTA,3217,38.375536524,-0.627346416
773,CTRA. ALCORAYA - CAMINO DE LA ROCA,3259,38.374574978,-0.628808594
774,CTRA. LA ALCORAYA 344 - ESCUELAS,3218,38.371559231,-0.631173325
775,CTRA. LA ALCORAYA - CAMI ELTRINQUET I,3219,38.3700984,-0.631117978
785,DIAGONAL 11,2520,38.397758387,-0.431850796
786,TOMAS CAPELO 3,2521,38.398354748,-0.433982168
790,TOMAS CAPELO 2,2562,38.398220952,-0.434044152
791,DIAGONAL,2563,38.397689372,-0.431990633
802,CALLE HOGAR PROVINCIAL  6,3453,38.385325613,-0.450469667
803,HOGAR PROVINCIAL I,3454,38.386338118,-0.457668978
804,AZAHAR - SALVIA I,3455,38.390654535,-0.460597235
805,AZAHAR 20 - COLEGIO AIRE LIBRE I,3456,38.395723648,-0.459595329
806,CAMÍ DE FERRANDIS 6,3457,38.397148863,-0.460083499
807,CAMÍ DE FERRANDIS - CLUB DE CAMPO I,3458,38.397122408,-0.462603282
808,ARIES 15 - L' ALMAIXADA,3459,38.401536875,-0.463822743
809,ESCORPIO - C.C. L'ALMAIXADA II,3447,38.403165184,-0.4599642549999999
810,PINTOR AGRASSOT - LES PAULINES I,3325,38.401819569,-0.4573320990000001
811,PINTOR AGRASSOT - LES PAULINES V,3326,38.401933384,-0.457179255
812,PINTOR AGRASSOT FTE - C.C. L´ALMAIXADA,3320,38.403912787,-0.459537287
819,ESCORPIO - C.C. L'ALMAIXADA I,3327,38.403309736,-0.459982089
820,ARIES 20 - L' ALMAIXADA,3460,38.401722151,-0.464056712
821,CAMÍ DE FERRANDIS 20  - CLUB DE CAMPO V,3461,38.397041624,-0.46261756
822,CAMI DE FERRANDIS 3,3462,38.397061062,-0.46018962
823,AZAHAR 29 - COLEGIO AIRE LIBRE V,3463,38.395323703,-0.459849775
824,AZAHAR - SALVIA  V,3464,38.390461171,-0.460821525
825,HOGAR PROVINCIAL V,3465,38.386270809,-0.457888842
848,COSTA BLANCA 51 - TRIDENTE,3610,38.356378169,-0.422593142
849,COSTA BLANCA 37,3612,38.356026554,-0.427091206
885,RIO TURIA 10,3302,38.390773019,-0.502963688
963,SANT BARTOLOMEU 151,2544,38.433930382,-0.3852748030000001
964,SANT BARTOLOMEU 141,2545,38.432189796,-0.386815328
965,SANT BARTOLOMEU 113,2546,38.429964176,-0.3892323540000001
966,SANT BARTOLOMEU 103,2994,38.429105446,-0.38991621
968,ESTACIÓN - FGV I,3082,38.428344369,-0.394983484
969,GERMANIAS 9,2993,38.429181291,-0.3929145060000001
970,SANT BARTOLOMEU 122,2538,38.429084887,-0.389802409
971,SANT BARTOLOMEU - PZA. JOAN PAU II,2534,38.430217345,-0.388868137
972,SANT BARTOLOMEU 164,2539,38.432060433,-0.386671085
973,SANT BARTOLOMEU 172,2540,38.434711586,-0.385154948
999,VERGERET - BONNYSA I,3798,38.430128157,-0.4510347740000001
1000,CTRA. CV-773 - HOYA DE LOS PATOS - SENYERA,3795,38.461874268,-0.43673816
1001,CTRA. CV-773 - HOYA DE LOS PATOS - FAISANES,3792,38.46633976345113,-0.4315016623355983
1002,CTRA. CV773 - PISNELLA I,3789,38.474715718,-0.424110906
1003,LES COMARQUES - POLIDEPORTIVO,3730,38.47875247,-0.423302304
1004,SANT JOSEP- ERMITA V,3787,38.481304612,-0.419726714
1005,SANT JOSEP- ERMITA I,3786,38.481320436,-0.42003564
1006,LES COMARQUES 13,3788,38.477972327,-0.421427393
1007,LES COMARQUES - POLIDEPORTIVO V,3790,38.478928574,-0.423525274
1008,CTRA. CV-773 - PISNELLA V,3791,38.474540196,-0.424323465
1009,CTRA. CV-773 - HOYA DE LOS PATOS - BONALBA,3793,38.466498432,-0.43148597
1010,CTRA. CV-773 - HOYA DE LOS PATOS - CISNES,3794,38.46459027,-0.434040527
1011,CTRA. CV-773 - HOYA DE LOS PATOS - LOS PATOS,3796,38.461460173,-0.437577911
1012,VERGERET - BONNYSA V,3799,38.430377, -0.450919
1014,CTRA. CV-777 - URBANIZACION I,3731,38.472733303,-0.415115657
1015,CTRA. CV-777 - BARRIO BONNY I,3732,38.435972028,-0.41023108
1016,EL VINCLE - MESTRE SEGOVIA,3733,38.433186708,-0.406516231
1017,EL VINCLE 21 - COLEGIO,3734,38.431738288,-0.402959872
1018,EL VINCLE 7,2589,38.430624347,-0.400674552
1019,GERMANIAS - CENTRO DE SALUD I,2991,38.431817795,-0.3968058219999999
1020,GERMANIAS 23,2992,38.430345913,-0.394636567
1021,GERMANIAS 24,2996,38.43,-0.394577396
1022,GERMANIAS - CENTRO DE SALUD V,2997,38.43195396,-0.39685133
1023,EL VINCLE 4,2590,38.43,-0.4006369830000001
1024,EL VINCLE - COLEGIO,2584,38.431,-0.40283074
1025,EL VINCLE -  MESTRE BRETON,3735,38.433,-0.4067050059999999
1026,CTRA. CV-777 - BARRIO BONNY II,3736,38.436,-0.410056487
1027,CTRA. CV-777 - URBANIZACIÓN II,3737,38.472,-0.415131482
1028,CABO DE PALOS - CEMENTERIO,2542,38.43881831,-0.381443849
1029,LA ALMADRABA 19,2543,38.437142207,-0.381836689
1030,SANT RAMON 161,2998,38.429364944,-0.4007655800000001
1031,SANT RAMON 81,2552,38.427908562,-0.402535977
1032,SANT RAMON 33,2553,38.426470156,-0.404305659
1033,N332 - LA FONT II,2554,38.417978667,-0.415123392
1034,N332 - HOTEL ABRIL II,2555,38.41097319,-0.423091604
1035,SAN ANTONIO 145 - POLIDEPORTIVO,2556,38.409236236,-0.426050524
1036,SECRETARIO BASILIO SALA 2,2557,38.406342424,-0.430493139
1037,COMTAT DE FABRAQUER - CTRA. ANSALDO V,2581,38.408188377,-0.434137813
1038,COMTAT DE FABRAQUER - MANOLO MORÁN,2558,38.407349134,-0.43531262
1039,N332 - SANT JOAN,2564,38.395936429,-0.431354337
1040,HOSPITAL SANT JOAN IV,2842,38.38978188,-0.435029717
1041,BARRIO DE BONNY,2551,38.437785924,-0.411174281
1042,CAMÍ D'AIGÜES FTE. 224,2591,38.431785514,-0.405088761
1043,CAMÍ D'AIGÜES FTE. 212,2592,38.429216745,-0.407082241
1044,LA CREU 9,2593,38.426788697,-0.404855485
1045,CTRA. N332 - BENIMAGRELL,2518,38.39404997499651,-0.432890131528858
1046,COMTAT DE FABRAQUER - RAMBLA,2525,38.405965901,-0.4379803470000001
1047,COMTAT DE FABRAQUER - CTRA. ANSALDO I,2526,38.408228051,-0.433892501
1048,SECRETARIO BASILIO SALA 3,2527,38.406189971,-0.4305260269999999
1049,SAN ANTONIO - POLIDEPORTIVO,2528,38.409310573,-0.4257432820000001
1050,N332 III - HOTEL ABRIL I,2529,38.409653, -0.423825
1051,N332 IV - LA FONT I,2530,38.417709843,-0.414782539
1052,SANT RAMON 24,2531,38.426406475,-0.404278161
1053,SANT RAMON 54,2532,38.427852054,-0.4024257540000001
1054,SANT RAMON - DR. FLEMING,2990,38.429157675,-0.400358373
1055,LA ALMADRABA 9,2541,38.437068443,-0.381761459
1056,LA CREU 12,2586,38.426883669,-0.404668818
1057,CAMI D'AIGÜES 229,2587,38.429132929,-0.406959246
1058,CAMÍ D'AIGÜES 212,2588,38.431692946,-0.404977531
1059,HOSPITAL SANT JOAN III,3603,38.389612721,-0.435122706
1060,CTRA. SAN JUAN-TANGEL 1-BUTANO,3319,38.400235009,-0.454901934
1061,MEDICO JORGE SERRANO III - CALIGUA,3416,38.395177675,-0.488157068
1062,MEDICO JORGE SERRANO IV,3417,38.390954569,-0.497119852
1063,RIO TURIA - COL. S.R. PEÑAFORT,3322,38.390940208,-0.50235345
1064,RIO TURIA 29 - RIO TAJO,3323,38.391046491,-0.506070554
1065,PERÚ I - VILLAFRANQUEZA,3994,38.392284618,-0.513020841
1066,PERU 14 - VILLAFRANQUEZA,3404,38.392278493,-0.512732544
1067,RIO TURIA - COTTOLENGO,3301,38.390886991,-0.505773801
1068,MEDICO JORGE SERRANO I,3405,38.390843369,-0.4969760049999999
1069,MEDICO JORGE SERRANO II,3406,38.395033272,-0.488146042
1070,RONDA NORTE IV - CTRA.MONNEGRE,3408,38.407291409,-0.4653447119999999
1085,AEROPUERTO - AIRPORT,3669,38.288198876,-0.552523918
1086,3671-ESTACIÓN DE AUTOBUSES,3671,38.337694445,-0.491655655
1119,CARLOS SOLER 24,3443,38.412732766,-0.443344406
1164,ESTACIÓN - C. SOCIAL,2617,38.426762637,-00.396380495
1184,CTRA. LA ALCORAYA - FÁBRICA DE TUBOS I,3201,38.397951333,-00.539423939
1212,N332 - AUDI,2517,38.39791329, -0.42946612
1213,N332 - CARREFOUR,2989,38.40767369, -0.42505941
1214,BENIDORM 31,2585,38.39896214, -0.42963273
1215,CTRA. SAN JUAN - TANGEL - FTE. BUTANO,3305,38.40010262, -0.4550291
1216,PINTOR AGRASSOT - FTE. C.C. L´ALMAIXADA,3304,38.40382787,-0.45977614
1218,SANT RAMÓN FTE. 15,2988,38.424422,-0.406675
1219,SANT RAMÓN 15,2987,38.424502, -0.406822
1222,CTRA. LA ALCORAYA 326 - CAMINO DE MINGOT,3267,38.3768655,-0.6263634
1286,RAMBLA - PZA MAISONNAVE,2844,38.401788, -0.435740
